<?xml version="1.0" encoding="UTF-8" ?>
<XMLDB PATH="blocks/groups/db" VERSION="20120122" COMMENT="XMLDB file for Moodle blocks/groups"
       xmlns:xsi="http://www.w3.org/2001/XMLSchema-instance"
       xsi:noNamespaceSchemaLocation="../../../lib/xmldb/xmldb.xsd"
>
    <TABLES>
        <TABLE NAME="block_groups_hide" COMMENT="groups block">
            <FIELDS>
                <FIELD NAME="id" TYPE="int" LENGTH="10" NOTNULL="true" SEQUENCE="false"/>
            </FIELDS>
            <KEYS>
                <KEY NAME="primary" TYPE="primary" FIELDS="id"/>
                <KEY NAME="foreign" TYPE="foreign" FIELDS="id" REFTABLE="groups" REFFIELDS="id"/>
            </KEYS>
        </TABLE>
    </TABLES>
</XMLDB>

